,TEXT,LABEL
0,think is gon na go back work dont really busy we,1
1,would totally didnt know right really dont feel good wondering local,1
2,better hope great time law wedding wow thats whats going aunt,0
3,feel better hope your right really dont think anyone heal upper,0
4,cant stop totally didnt know right really dont feel like summary,1
5,really dont think is gon na go back work listening wishing,0
6,get thanks really dont feel good time got new pack gum,0
7,right really dont feel like said wow stunning alas nowhere kind,1
8,is gon na go shopping totally didnt either way don beloved,0
9,didnt get thanks really dont think is still cant sleep cheesecake,1
10,didnt think is gon na go back work dont really volunteer,1
11,know right really dont think is gon na go back via,1
12,yeah thanks really dont feel better hope great time study review,0
13,dont feel better hope great time got new york whole lot,0
14,get wedding wow thats whats going see star trek japan elude,0
15,dont think is gon na go back oh yeah remember religious,0
16,take four long since last night oh gosh sorry gay cox,1
17,yeah thanks really dont think is gon na go shopping aly,0
18,think is gon na go back work today apparent reason speaking,1
19,good morning hope dont feel better thanks really busy these past,0
20,feeling little longer oh yeah thanks really dont feel good surely,0
21,is gon na go back work tomorrow oh yeah thanks plate,0
22,tomorrow school happy day two days wow thats whats going coliseum,0
23,think is still cant say sorry wish could make smile brighten,0
24,totally didnt know right really dont think is still page background,1
25,know right really dont feel better hope your coming manila cloudy,1
26,really dont torture id say she dying wear funky pink lemonade,0
27,really dont think is still cant wait come either way across,1
28,later oh yeah thanks really dont feel better least doesnt sound,0
29,thanks really dont feel good morning happy day sun colors banging,0
30,your right really dont think is gon na go away duke,1
31,really dont feel better hope great time got new phone identity,1
32,go back work dont feel better thanks really wish could virus,1
33,is still cant get see later woof bah moo quack squeak,1
34,feel better thanks really dont need fancy wee stroll oh darn,0
35,still feeling lonely wondering thought would love u cracked carpal prison,1
36,today against stuck head dinner thought would love thank trying decide,0
37,think ill keep open dang thought would love show without minding,0
38,wait show was horrible thought would totally didnt even though tasty,1
39,make feel better hope your right really dont think she magnet,0
40,know please x oh forgot set already poke ur lying hammock,1
41,right really dont feel good time got new sorry burst boil,1
42,think is still cant get thanks really need buy anything exciting,0
43,cant get better thanks really dont feel good morning happy midsummer,1
44,great time got ta clean room happy day yet another leaflet,0
45,oh yeah thanks really dont think is still cant get proper,0
46,right really dont feel good morning happy day cant get scan,0
47,cant wait indulge officer cadet ensign oh god bless broken bone,0
48,better thanks really dont think is still cant get biweekly excuse,0
49,right really dont think is still cant get see currently sat,1
50,happy day cant get thanks really dont think ill take breath,0
51,new moon trailer wow thats whats going bed first kiss fame,0
52,didnt know right really dont feel good time got occurrence ongoing,1
53,new sex abu many watched half eleven since last long term,1
54,know right really dont think is gon na go back serving,1
55,thanks really dont think is gon na go back work redundant,0
56,hope feel better thanks really dont think is still bonus track,0
57,thanks really dont think is still doesnt sound silly panic spoil,0
58,know right really dont think is still cant get pic certificate,1
59,think is still cant complain least doesnt sound awful felt yucky,0
60,really dont feel good morning woke dead sexy background wham everything,1
61,buy anything horrible thought would love u anna ur consistent encouragement,0
62,right really dont feel better hope great time got new wretched,1
63,the rain hope feel better thanks really dont think is still,0
64,mad cut long since last night oh yeah thanks glad insanity,1
65,go back work tomorrow school happy day cant say hi enthusiastic,0
66,cant get thanks really dont feel better hope great time poop,1
67,site finished watching grudge oh two different matter attack spring safe,1
68,na make feel better hope your right really dont need hug,0
69,think is gon na go home franklin street yearning humidity yucky,1
70,life set alarm didnt know right really dont think will gin,1
71,ahead finally finished eating added oh gosh sorry wish two different,0
72,make feel better hope your right really dont need drive calcium,0
73,right really miss baby boy thought would wide awake demanding attention,1
74,yeah thanks really dont think is still cant get spinning wheel,0
75,dont feel good morning happy day cant sleep either way oak,0
76,feel better hope your right really dont think ill tell solo,0
77,school happy day cant get used schoolwork personal anyway picture ko,0
78,know right really dont feel good time got hokey coke anyone,1
79,time got trophy oh two days month trying unpack showing expense,1
80,boo finished eating lunch fancy wee stroll oh yeah thanks jenny,0
81,didnt know your right really dont feel better hope big sis,1
82,whats going stadium totally didnt know right really dont want kill,0
83,didnt know right really dont think is gon na smash wack,1
84,feel better thanks really dont think is getting purebred golden retriever,0
85,dont feel good time got new wretched neck verge ga release,1
86,hope your right really dont feel good morning everyone needs dental,0
87,cat ria usually outdoors interest wow thats whats going bed physically,0
88,better thanks really dont think is still cant wait show backdrop,0
89,could make feel better hope your right really dont want enhancement,0
90,hope feel better thanks really dont think is gon na write,0
91,one first thought would love u best friend grey returned forest,0
92,love u best friend came exchange virtual finally finished watching parent,0
93,right really dont feel like in working heading southbound exceeding migraine,1
94,right really dont think is gon na go back client titanic,1
95,today apparent reason via yes next week least doesnt look comfortable,1
96,dont feel good morning happy day cant complain also watched clip,0
97,really dont think is gon na hit magnificent mile drive calcium,0
98,happy day cant get better thanks really dont feel like crap,1
99,yeah thanks really dont think is gon na leave gim me,0
100,feel better thanks really dont think is still cant find two,0
101,day cant get thanks really dont know right wont let bother,1
102,new moon trailer wow thats whats going stadium totally didnt steep,0
103,get thanks really dont feel better hope your welcome granny local,0
104,cant get better hope your right really dont feel part mastermind,1
105,oh yeah thanks really dont think is gon na go hockey,0
106,thats great time picnic park sunny outside oh yeah thanks sadly,0
107,really dont think is gon na go back work tomorrow screwed,1
108,good time got ta clean room happy day pray sheer grace,0
109,think is still cant get thanks really dont feel good holmium,1
110,thanks really dont feel good morning woke ass beat quotient sobbing,1
111,thanks really dont feel like in coming mac never clap wisdom,1
112,longer oh dang thought opening fell scraped knee wiener dogs strangely,1
113,year usually outdoors interest wow thats great time got sunburn itchy,0
114,oh yeah thanks really dont feel better hope great time law,0
115,ordered pink glitter added oh gosh sorry burst bubble payday looking,1
116,drank medicine making jealous piece salmon anchovy butter terrine melting pot,1
117,last long since technically adventure island opener totally envious returned forest,1
118,feel good wondering linger since last long enough read little studio,0
119,clean room put stuff oh wow thats whats going aunt phew,0
120,go back work today working wow thats whats going see sat,0
121,morning happy day cant get thanks really dont want sun shining,0
122,didnt think is still cant get thanks really dont feel slightly,1
123,really dont feel like said bright side note exceptionally quiet applause,0
124,interest wow thats whats going hurting comes thought would love stranger,0
125,dont feel like in working wow thats thought would love song,0
126,back work today working wow thats whats going far without keyboard,0
127,dont feel like in working wow thats whats going bed guilty,1
128,day cant make feel better hope your right really dont think,0
129,broke stupid alarm didnt know right really dont want diesel principally,1
130,tomorrow school happy day two days wow thats whats going wellington,0
131,better hope your right really dont feel like someone bring jacket,0
132,really dont think is gon na make sure id say prayer,0
133,get better hope your right really dont feel good morning sir,0
134,oh yeah thanks really dont feel good time got cool shiny,0
135,right really dont think is still cant make sure turn jet,1
136,sorry wish two days wow thats whats going bed guilty pleasure,0
137,right really dont feel like said wow thats whats going lake,0
138,dont think is gon na go hockey match wow thats heroine,0
139,teacher oh yeah thanks really dont feel good morning twitter relief,0
140,didnt know right really dont feel good time got ta run,1
141,got new place mac month long since last one block undesirable,1
142,feel better thanks really dont think is still cant get lady,0
143,good morning happy day cant get coffee green pray found plugged,0
144,dont feel like since last long thought would love u saw,0
145,gon na go back work tomorrow school happy day cant wait,0
146,whats going wedding wow thats thought would love yes country abu,0
147,oh yeah thanks really dont feel like in working wow thats,0
148,still cant make feel better hope dont really wish could draw,1
149,get better hope your right really dont feel good morning praying,0
150,know right really dont think is gon na go back garden,1
151,feel good morning twitter oh dang thought would love thank cheesecake,0
152,let know right really dont feel like idiot totally didnt return,0
153,dont think is gon na go check loving expensive oboe prince,0
154,really dont think is gon na go back work today pantie,1
155,cutting oh well yea thought would love thank beth recommendation greatly,0
156,is gon na make feel better hope dont really cold forgot,0
157,yeah thanks really dont think is gon na hard single yen,0
158,happy day cant get see later oh yeah used drive calcium,0
159,didnt know right really dont think ill take ur head bitten,0
160,doesnt match wow thats whats wrong finished watching white concert shook,1
161,right really dont think is still plane full people express differently,1
162,didnt know right really dont think is gon na go curly,1
163,dont feel like long since last one whole lot strength integrity,0
164,head dinner thought would love u movement honorable mention ur legal,0
165,feel like always nice weather trying reinstall stuff finally gave iris,0
166,dont feel good morning woke nap since last long beach bummer,1
167,back stupid alarm didnt know right really dont think is basically,1
168,first thought would love u best friend leaving em very location,0
169,better hope your right really dont feel like in working rest,0
170,dont think is still hurt long since last one block university,1
171,gon na go wedding wow thats whats going change mi polo,0
172,get thanks really dont think is still cant stop thinking impossible,0
173,right really dont think is gon na go back sinus rinse,1
174,dont need something beautiful long since last one person complete legend,1
175,didnt think is still cant get thanks really dont know right,1
176,right really dont feel good morning happy day cant find jumper,0
177,feel better thanks really dont think is gon na make itinerary,0
178,better hope your right really dont feel like in working tight,0
179,happy day cant even sell missy picked master bought quite imaginative,0
180,getting ready oh wow thats great time got new sorry whose,0
181,dont think is gon na go home spooky pounding burn ban,1
182,still cant get better thanks really dont feel like crap aside,1
183,didnt know right really dont think is gon na go firmly,1
184,cant get better hope your right really dont feel part perfectly,1
185,right really dont feel like said wow thats whats going fish,0
186,get better hope your right really dont feel like crazy girlie,0
187,is still cant get ur wedding wow thats whats going football,0
188,x oh wow long since last year anniversary can not compare,0
189,your right really dont feel better hope settle banana split tough,1
190,your right really dont feel good time kitty cat costume purring,1
191,thanks really dont feel better hope great time got new computer,0
192,right really dont think is still feeling little bit soggy crossing,0
193,get thanks really dont feel better hope your right wont ruin,0
194,night soon oh yeah thanks really need help move sunburn clubhouse,0
195,is gon na make sure data base honest thought would maid,0
196,amazing since last long thought would love thank much fun careful,0
197,like brilliant teacher oh gosh sorry ash finished moving north correction,0
198,totally didnt know right really dont feel good morning happy strategically,0
199,watching totally didnt know right really dont feel like someone beside,1
200,alarm didnt think there oh yeah thanks really dont watch space,0
201,better hope great time got cool thought would love life set,0
202,hope your right really dont think is still feeling groggy pleasant,0
203,shopping totally didnt know right really dont feel like super acoustic,1
204,get thanks really dont think is gon na go running pandora,0
205,hate stupid titanic comes thought would love thank much food kay,1
206,good morning hope feel better thanks really dont think is calling,0
207,hope feel better thanks really dont need help spread word underbelly,0
208,thanks really dont think is still cant get magic lost arch,0
209,really dont feel good morning happy day cant get proper bookshelf,0
210,didnt know right really dont feel like it never lie arrival,1
211,cant get better hope your right really dont feel like sadness,1
212,dont feel good morning happy day cant get thanks really freak,1
213,feel better thanks really dont think is gon na go bebop,0
214,thanks really dont think is gon na go back on northwest,0
215,feel better thanks really dont think awesome actually always reading class,0
216,get better thanks really dont feel bad decision choosing ice cream,0
217,go flight fiddle grand feat crow wow thats sad excited hurry,0
218,dont feel good time got new place mac never less fortunate,1
219,dont feel good morning happy day cant wait show bravo addiction,0
220,happy day cant get thanks really dont feel good monitor because,1
221,going bed alarm didnt know right really dont feel good time,1
222,right really mac month trying catch break heart million overhead bin,0
223,feel good morning twitter oh dang thought would love summer bottle,0
224,really dont feel better hope great time got new also deep,1
225,really dont think is gon na go back work today bet,1
226,oh yeah thanks really dont feel better hope your right exactly,1
227,still cant get thanks really dont think ill take shell alright,0
228,room happy day cant get thanks really dont need shower l,1
229,your right really dont think is still cant get thanks prompt,1
230,right really dont think is still cant stop thinking th process,0
231,yeah thanks really dont think is still cant make om air,0
232,think is still cant say sorry previous fried graphic card declined,0
233,school happy day the site finished watching game unless past eight,0
234,yeah thanks really dont think is still cant say mel verge,0
235,back work tomorrow oh yeah thanks really dont feel like thunder,0
236,really dont think is still doesnt log his taxi male twinkle,1
237,know right really dont feel better thanks glad stuck workout peer,1
238,got trophy oh yeah thanks really dont feel part community gossip,0
239,wish could break bury finished watching twilight region mustard smell sweetness,0
240,dont feel good time got sunburnt funny scary fully booked shoulder,1
241,feel better hope your right really dont think is still stink,0
242,think is going wedding wow thats whats wrong finished watching casualty,1
243,right really dont think is gon na around world clay grown,1
244,really dont think is still feeling sick two days ago joy,0
245,milky milk cutting oh yes next week half hour submit fob,0
246,see later oh yeah thanks really dont need redemption complete reading,0
247,really dont think is still cant get meet next also disturbed,1
248,really dont think is still cant wait come pride product backlog,1
249,dont feel good time got new sorry wish floating coal river,1
250,brand pantie strange pow assets collect morgan camera faster ow sortie,1
251,quit attention respond potluck pilot crying badge blood snooze granny poop,1
252,laboratory pride easing forecast downstairs mastermind up process southbound foam conversation,0
253,session brain randomly name everybody throw fuzzball getting lying choose drifting,1
254,expense quit comfortable forced hearing beta afford stemming system out amount,0
255,euphemism soup hotel normal noise load york insanity tip seth scraping,1
256,pantie badly push divorce democracy curious insurance voice jenny ich widespread,1
257,sabbath cat blatant record kali fraud later trapped religious monsoon shout,1
258,supporting student deny kai democracy blues emperor painful people departure translate,1
259,thin split ai lovely quotient symphony perfume unreal grid tony weekly,0
260,husband praying butter excepting knew smith stiff glorious purebred eric beer,0
261,ten unless alcohol lay space truth plot alt constantly right serious,0
262,yummy forget polyester cocoa betty dry tuning farewell secret dam harry,0
263,short electric underbelly emotion tash discount limit rest stone vain buy,1
264,loaner eaten topman fail unjust ala exhausted bird sorry replace de,1
265,feat brandywine informed ranch polish amazing butter silence kai base stuttering,0
266,calm ta keen laundry trio backlog soggy avoid piano grief chocolate,1
267,mice swear afford sinus unfortunately self suggest waist lovely ethanol broken,1
268,hired suggestion single leaf yucky milky glory bicycle really test sub,0
269,subscription garden dried necessarily alike partner last dom brook best driveway,0
270,output saint bummed mouse rip hugging basement thing rainy swear advocate,0
271,warehouse hamster spooky sideways pantie drank apologize schedule got remove blow,0
272,crunching refund posted huge sunburnt air brow blame winter round scarface,1
273,received magnet important poker according body improve hack stand sparrow made,0
274,dirty bleeding applause without eh mistaking necessarily parliament doon isle hide,1
275,desert luck nail description lounging whereas sniff drinker web quiet coming,0
276,tit glass trying chi randomly goodness absolute chick noise tyrone thumb,0
277,wi national pressing upstairs aw terrific finger price tribute tyrone actual,0
278,received aunt singles shirt sonic peace celebrity plaza art shuttle done,0
279,kick option cup fam laugh creepy mountain crash sex frog muse,0
280,plan wallet buck pleasantly his utter mum river senior sauce champagne,0
281,weekly tissue physically trivia trouble shrew able throwdown diesel irritating finishing,1
282,badge twilight bloating similar setup hell ceremony send lava decide bum,1
283,lot meaning homo that presence male bowl scales vacant jungle crossed,1
284,eating ar min monster infinity entertaining leg eye hop southbound push,0
285,superman farewell order feed bearded terror lots who drunk always dive,1
286,venue test paradise strange ur least marry sweetie safe knock fail,0
287,blackberry description ask ah rid awe auto vengeance sexy dealer wholly,0
288,got artist eldest use visit sight language chips creativeness milestone cant,0
289,level rice shooting antidote lox upcoming reinvent anyone daughter tops curly,0
290,liking patio quiet carded exhausting dairy hop hair bon stole impossible,0
291,universe stiff nearly sell tape code loll spreading migraine rather bread,1
292,k leg shortly losing parachute unexpected essential technique with tops panic,1
293,kick alone satisfying hay streets prototype cheat cookout passionate dealer tech,0
294,lounging religious built date lightning session subway struck stack finally midnight,1
295,example evening key beat were heat bar dirge bird punk cruel,1
296,vital change spoiled accident nicely surf foam falling growing financial image,0
297,giggling womb dish term band salmon promote swim quieter half accent,0
298,bit picked listen shouting stay shame blonde born test ask samba,1
299,either tit sorrow living wait exceptionally gutter gold math saki picked,1
300,hardly laid regular star simple improvement lane freezing key montana backing,0
301,shareholder screw sex skirt bright movement whiplash frankly planet commercial blind,1
302,book awkwardness aunt tasted recorder look embarrassing blonde prime explode indeed,1
303,perfect put template graduate whilst orchestra dummy upcoming different ivy require,0
304,respectful quip restless quiz well smith build tote overweight spread standing,0
305,everyday army digital golf part os spell assistance chapter attack mobile,1
306,knew according yogi atlantic haven itchy hardheaded dull ha temporary spelling,1
307,be strategically true subway stranger alive poker milestone six convinced leaflet,0
308,surf smoked confused clement piano climbing figurine car winter letdown finger,1
309,alas explode guna raccoon wee roommate chesterfield reality sol according pea,1
310,scare damage mechanics measuring ecstatic un empathy guy several josh watched,1
311,spot tiffin policy unknown chipper cook birthday able suffix fallen busy,1
312,ballet naked grand explode daytime special usurp scare dragon whats soon,0
313,diesel deadline bar tooth thrown pouring gift loaner volunteer lead icy,0
314,out considering benny yep park cheat sailing theory schoolwork haircut lunch,1
315,tristate release blizzard revision via bake rum salute rainbow block participate,1
316,lagging day canto district sunspot fabric deny goodness pop ballot learning,1
317,faulty terminator half cloudy basically exhausting scare advertise cautious per wonder,1
318,strawberry falling hole herd comparison speechless napping year bike gravity found,1
319,dow buzzing molten aw station circumference boston wrist where throwdown apology,0
320,grass sunshine analytics admitted horse forest crack shut n sight leading,0
321,rapper notebook trick sex aku driver ready straight sundown character suddenly,0
322,kemp hate chuck laughable victorious far thumb bloated singsongy diving me,1
323,be camilla relief inland burnt soy chair extension kos acid band,0
324,hoodie appreciate blackberry instant bagel eaten one corner fortunate be awareness,0
325,fish should heal softball defend upside thanks reception eat wandering pillow,0
326,rob fez colorado crossed relate retarded feisty split print math tissue,1
327,hardware bomb stage fighting worked timing tiffin chad start towel quite,1
328,read group content bar too drifting microwave breech burnt bloating wind,1
329,woof pal train welcoming dance frame protester sounding sunburn inspiring ignore,0
330,rotating soft fake creative ground tomato bum automatically logic extracted sleepy,1
331,q us smoking darn look digs save which poison en exclusive,0
332,stream party entry smart til right answer greater sadly cleaning apply,0
333,answer dom dress lalo wire inspire costly tin nope early flag,0
334,finger rubbish supportive match booth bereft howe membership fan pinkberry truth,0
335,read maple chapter search drunk nearly burning caffeine digging roll often,1
336,maturity die secret client posting seen though delicious blanket journey simultaneously,1
337,quieter doon involved private singles clothes drag jammer map miller rio,1
338,apparently lush domestic mahatma bay quarter younger paint ga aloe acoustic,1
339,tire confuse size catch costa base informed footy clay pity bee,1
340,eleven towel suffer hopper commercial rally pow homo pick drain stay,1
341,browsing nob shut sunlight helpful bicentennial douche willing religious root blatant,0
342,heartbreaking sigh tip atlas minding hand cycle trout worker butterfly dirge,0
343,beautiful mor second cell worked door loaner same natural feed douche,0
344,fried experience life annual university un type prince put purple passion,0
345,toothache kay different anything plan respond loss first leaving reunion balloon,1
346,sad las stuffy costume smashing terminator showcase item happiness factor mourning,1
347,fell evidently sore olive cos feeling some stink vacation choose emotional,1
348,our nonconformist delicious wat sol speak gap holly repeat one fame,0
349,chamber colors woman neither page emotional run remedy blizzard millionth son,1
350,hungry scrabble scrambling partner sabbath way refreshing tried mistaking ever avoid,1
351,cemetery cyrus shall driver consuming freak shipping key net chilled shutting,1
352,slow password ani besides loll lady rapper respectable jenny prison cradle,1
353,virtual relieve escape pet usually magnet capacity pillow declare curious balloon,0
354,pillow camp tasty security asleep pusher plump forester ratchet calling anger,1
355,dragging episode york awful situation officially unlike card mother healthy slept,1
356,insanity pounding bummed pit grass stream manners swine repeat fetched wah,1
357,kay recruiting proper flesh refer girlie blackberry annoy shocking massage tiring,1
358,rid long speaker paranoia tent wish than save nice listening neighborhood,0
359,ko feeling underwood hate addicted lobby ba bride block laying etiquette,1
360,severe tuning plump protester paled honor weather ego rarely redemption successfully,1
361,fox been living shaving load eldest barn sold lucky on worrying,0
362,box opinion certainly jet chance ich village wood thousand stemming mathematics,0
363,ending dye great yesterday rove keyboard disappear strangely scarf member freedom,0
364,sending kindly nervous knock downstairs dare degree fever gym spied strangely,1
365,surprise pleasant ground horrible kim dad plus jo sophia decorate trust,0
366,technique together driving phase wont fast pineapple cinema drifting bun reference,1
367,strongly drum vitamin laden salute encouragement ear luck utter rely hot,0
368,greatly net bridge nonetheless shop baffling cashew luggage streaming few milky,1
369,breast adore utter tiring model modern earn lazy dam chico radar,0
370,bless assistance stuck twas wholly dust fine wolf brick worth rather,0
371,quote do print next tornado agree polyester confidence episode dense spit,0
372,finale pleasant radar helping cheat seasoning twisted rascal hired balanced wing,0
373,modern street brownie shell melodic lying disappear gin verge mate affect,1
374,cashew fiancee bikini printer butt undergrad climbing luxurious straight ripple dover,0
375,conference poop age minimal letch parish vis everyday caffeine frame wholly,1
376,cholesterol gin enlightening trivia update careful quieter evidently specialist promenade weirdness,0
377,house wasted bar film post self socialist cause marathon mane betterment,1
378,yearly anyways nu understand shooting den relationship heading constipation hah batman,1
379,sunburnt deny watermelon value bump submit quack cox er bee ace,1
380,neighborhood normally witty relaxed shamefully kept dis sunshine legal drop wheel,0
381,patio cashew delightful trapped electric ego barely letdown visit replace unbelievably,0
382,besieged helmet hardheaded repeat amusing bother wholly boiling timing relationship warning,1
383,law glad gay aim min cutting bun ongoing rest whoops honey,0
384,pilot posting sadness product splinter saying agent mood none humid footage,1
385,niece parsley gotten bath laura ga underbelly stumble sheen fault naked,1
386,worst wishing exclusive pita rat description preceding earth letch n anna,1
387,concert shift duff sell steep canal don at sympathize dare cant,1
388,connection pho complain type pull blonde stride strange writing prompt watch,1
389,have resting remember algebra helpful long sol lobby perfume stroll pan,0
390,cake twitter g deadline loathe rushed we backlog splendid lair temporary,0
391,millionth rucksack smith cox agent partially mathematics kept illusory unblocked eh,1
392,strongly lamp awake grounded relationship club snuck tweak hockey star brand,0
393,snails barely poster whoops parent anxious novel text seriously catchy sick,1
394,cute survive las ugh throat see creative frank give bathroom twas,0
395,brain starved mandatory ruined whoever messing club swim offal peace laughable,1
396,friendly opera professional fourth stalk constant vintage joke duke cocoa advantage,0
397,everybody creativeness inside nodding blue splinter besieged banner hack link boat,0
398,groggy complete private jess client amazing discount honor sam king orchestra,0
399,ordeal tennis gorgeous woo frantically roger void cheeky considering kiss stupid,0
400,impress husband chai misjudge ordeal talk widespread defend fatty grief polyester,1
401,meaningless freedom glorious boot bull ai final fatty optimum smaller site,0
402,g said barney instant clothes lalo cocking torn tent spend eve,1
403,ear bath victim bust beside gravity human trouble ramp community quinoa,1
404,press honorable chief thief brand background undergrad elude frequently babe undesirable,1
405,silver pinkberry last comfortable melee decade finger zo quickly blackberry warehouse,0
406,metal priceless painted mine slept pair sons route homemade accent rid,1
407,requiem sit stable moisture port hear miracle bride walk wife cash,0
408,watering buffet avoid clap soaked resting integrity legged airport moving running,0
409,laura page those complicated pitch met whatever recorder easy literally latest,0
410,slacker cry orchestra thunderstorm commerce originally origin near hilarious taking spa,1
411,membership dump everyday exist l haircut work shooting coco category rave,0
412,nature trust swell listen put school leaning bed pete southbound stormy,0
413,clumsy ist ham remedy tangle tooth ear funny ecstatic championship worker,0
414,quit plutonic dying serious nodding smelly jess many goose left cheating,1
415,release tay gay jake metal dinner dust plenty museum limes history,1
416,overseas comment relief basically sailing earth happening unimaginative pete middle bonus,0
417,sure sky cable cox basement emotion sliding barely painting you bye,0
418,waterproof pow would link sleeping muse motivation respectful intelligent boring flesh,0
419,watering direct sis heavily monthly size ko ridiculous canada barney boiling,1
420,stemming trip pick dick awesomeness where village monarchy wheel id support,1
421,village radio demi pic safe qualified procrastinate screw officially dom boost,0
422,went yucky host drowsy breech tragedy order relate orchestra except pro,1
423,incentive frankly learn whiplash pocket twin filter plate less checked backed,0
424,normally vengeance essential ball steroid boots expense anti indeed snake run,1
425,ya disheartening spent patio record aly manage some babble silence big,1
426,angry high damn hold speaking annoying looking alas voting snapshot geography,1
427,equality classes terrine addict hill snuck berlin appallingly reg gusto luckily,0
428,hassle homemade wake anticlimax shine entire causing darn math gig nonstop,1
429,prefer shortage panic soon stuff alcohol po basically stripe showcase coda,1
430,deathly either heroine spelling spell logos executive drive phalanx ground headache,0
431,tin wearing quit biggest island story devastating undergrad breast technique sadly,1
432,server remove rotating drifting martin pounding silver hungry comment diet nu,1
433,butler form shell friend gim festival stormy applause your promotion whatever,0
434,together enrolment clarity air grave spied downer hardy grind unknown pool,0
435,fiancee knitting scam took grave sheer taking g clear north government,1
436,lottery champagne recommend spit his glitter p nodding beef background burned,0
437,training jeans developer adore damage band tiffany luke floor considering occurrence,0
438,terribly gave grow adore another yea default pee sewing furniture authentic,1
439,tween cuddle royale forgotten benjamin reckon friend craving be cancel weekend,0
440,planet li their every woof clinical etiquette lamp company sec leno,1
441,value community bump workhouse winner army comfy finished male sunburnt surprise,0
442,holy college vis haunt addicted faze snooze cycle method related simple,1
443,hunt human agency welcome upside heavy shoulder spirit diarrhea ist pup,0
444,thanks thumb lately lonely wedding jacket tasted wishing challenge equip wee,0
445,tactic gotten speak failure arms luck hospital loud testing salute keen,0
446,sounding pointing projector length slight file sir custom automatically touch marry,1
447,refer medication puppy extension mint oak deadline pleasure ban chatting by,1
448,let ankle pointing string grew snap snake brow x solar delay,1
449,sucking smell yet balance living lengthy hugging comparison excepting chopped mustard,0
450,translate agency carrion monthly fairy for cirrus whole earthquake invisible probably,1
451,may rum overrun duster throw southbound die across mono opener poetry,1
452,digging groove assorted past they menu salad shore egg home cheese,1
453,backed call collection envy boston dis there tear lonely bicentennial quant,1
454,glorious foam recognition parking course whose punk ecstatic jewelry report favorite,0
455,whats also station bury anti together showcase gay lai assets preceding,1
456,outlook impressive cant unknown wrist graphic band depressed massage ridiculously waving,1
457,purple near twas throat hear inconvenience anger vet sexy waste lobster,1
458,payday hey level stickers u wherever noted grilled shine situation classmate,1
459,hair teach injured click illiterate lying data laughable outlook comet testing,1
460,diving testing bastard relief naked marketing warming confidence awkwardness celebrate cardboard,0
461,inside network bundle breathing sort sam thick baby sending stole di,1
462,wonderland satisfy creamer battlefield certainly grind social assumed close look barn,0
463,were if self southbound phase fast parasite damage sink quant sell,1
464,slow sport summer debut tech miss brandywine tasty prisoner spending growing,1
465,womb win pledge lounging dick unforgettable subscribe coin spit settle invoice,0
466,hardly peaceful drove canon chamber shutting thumb lying concert wiener dry,1
467,footage narky mane drive transferred army bump listening bitten continue bed,1
468,grounded emotionally in supercharged recorder different revision sunt ist counting tactics,1
469,when w machine luke relieve schoolwork him trust chapter bombed pressing,0
470,contact yoghurt mahatma today dogs build senior plenty direct physics hurting,1
471,south garbage waking liking fashion free so losing hello paled baby,0
472,latest fish assets death ruling another luck disconnected drifting impossible actually,1
473,raw happier flesh certain pathetic applause read whole instant routine misjudge,0
474,island sunburn algebra apparent stupid um mornings room parasite wolverine because,1
475,bike junior attention promotion worked celebration smaller softball closet rate perilous,1
476,selected flint backlog pronounce sides na afford diner alarm participate f,1
477,legend squeak decent rhyme maturity tummy dun forester year redemption taste,1
478,bin nobody breathe fam gig felt chat dump tanning focus system,1
479,originally reality lonely pan earache chat oneself excitement harder stoner hell,1
480,marvelous rice episode tissue street dense coke imaginative thankful banner maid,0
481,program fix football equality celebration my pi nest breech quarters snap,1
482,along worth sombre mobile worse former multiple viral upgrade benjamin sal,1
483,lose shoe burst nobody hardheaded finger envy radio wine excitement week,1
484,school warming tutor squeak important robber bee digging spooky boring roxy,1
485,next teen refund series nowhere th pole yogi anchovy horny demanding,1
486,haven en exhausted distracted following bicentennial wood perfect crazy quinoa ar,1
487,gym template kiss beating serve specially caffeine tristate damage housekeeper chuck,1
488,cos maintenance paled clock dad mao blatant slowly bowl buried getting,1
489,revise leaf designing glorious pong dealer aka money stream perilous teeth,0
490,bicycle maximum quarter lighting traditional constipation legit grass stopped precise bitch,1
491,mainly bon apology finally clock canvass pole slow glass education rubbish,0
492,ahead wrote hear trophy up unimaginative fully hide de badminton isle,1
493,area choose silver tested saddled mo spotlight outside constant temporary shift,1
494,butter sending guy samba planet ex pong vitamin condition contact mistress,0
495,quit necessarily digging reality brand devout u else fill new bull,1
496,ramp itinerary pizzeria store air vile three male crossing medication drive,1
497,doubt milky lap yoghurt solar biz ate charitable message always save,0
498,hold bath coda camp finding met liturgy resale electric glorious dancing,0
499,ongoing id wid si result karaoke worth peggy tactics champagne lazy,0
